first_name,last_name,job_title,department,email,address,phone_number,salary,password
Brandon,Sanchez,Solicitor,Make,greid@example.com,Markfort,001-642-823-5773x495,51238,imHVbvSd
Lauren,Huff,"Engineer, biomedical",Printmaker,teresa95@example.org,West Lindaburgh,879-961-9319,91977,Y7LPDUp5
Kenneth,Davis,Air broker,Higher education careers adviser,jjohnson@example.org,Port James,804.949.3178x5317,9791,B8Pvgx4B
Jesse,Wright,"Education officer, museum",Logistics and distribution manager,crossandrew@example.org,Port Jake,001-352-911-5356x913,85279,ZB9srzSt
Jamie,Palmer,Financial controller,"Journalist, newspaper",jillian05@example.com,New Cassandra,001-615-322-4841,60618,FbCkwfOH
Megan,Torres,Psychiatric nurse,Computer games developer,freyvirginia@example.net,Deborahfort,001-218-767-9947x9840,90266,DKdXxlSO
Jeffrey,Lang,"Embryologist, clinical","Engineer, structural",amandahenderson@example.org,Amberborough,+1-800-217-8635,25456,CNvvRurl
Jill,Johnson,"Conservation officer, nature",Photographer,lawrencevasquez@example.com,North Kristina,(690)326-1323x1122,14489,LuW8CBxK
Matthew,Hopkins,Careers adviser,"Engineer, mining",flynnnathan@example.net,West Carriefurt,(254)295-9245x25874,42217,BPFVr67k
Valerie,Oconnor,"Scientist, clinical (histocompatibility and immunogenetics)","Programme researcher, broadcasting/film/video",icain@example.org,Port Marissabury,(759)840-0236x78260,90042,JmKU1ybA
Carol,Barnes,Paediatric nurse,"Doctor, hospital",rcoleman@example.org,Pattersonmouth,9178492669,1975,pp5Y4gWg
Michelle,Barnes,Astronomer,Plant breeder/geneticist,matthewskatie@example.com,Port Kristen,438.657.6344,36978,2XP4VbXF
Stephanie,Mathews,Licensed conveyancer,Fisheries officer,william05@example.com,South Theresachester,001-316-739-9264x071,58073,Jb1XJGb6
Elijah,Aguilar,Accommodation manager,Manufacturing systems engineer,jennifer15@example.org,South Karl,+1-801-350-0666,62500,cXkeK0Gq
Karen,Soto,Immigration officer,Health and safety inspector,zwilliams@example.net,Timothyshire,913-559-8788x514,88256,k6a04QkL
Paula,Crawford,Plant breeder/geneticist,Investment analyst,ralph73@example.com,Watsonstad,(663)777-1958x608,6513,ZEanjhBz
Jill,Waller,Operational researcher,Land/geomatics surveyor,joshuahardy@example.org,Kendrachester,(921)558-5430,64077,gOOao4vt
Tyler,Bryant,Physiotherapist,Systems developer,ubrown@example.org,Jasmineberg,3775227311,65263,9riAQ6Cu
Philip,Sanchez,Gaffer,Television production assistant,michelleparker@example.com,South Christina,955-488-2127x1301,95830,dUSw1X0Z
William,Rodriguez,Facilities manager,Press photographer,twarner@example.net,North Morgan,871-829-1242,83951,mzLR78ql
Megan,Ramirez,"Scientist, research (physical sciences)","Administrator, arts",jacob72@example.net,West Kellyville,+1-259-400-9314,30329,fHcYHtXp
John,Martin,Data scientist,Chartered certified accountant,nicolewilson@example.net,Wilsonton,(227)543-2668,26501,5bX2Urfs
Margaret,Kane,Medical sales representative,"Development worker, international aid",sheacody@example.com,East Kyliemouth,001-909-243-3572x45797,60475,wYzyydga
Anna,Cole,Legal secretary,Secondary school teacher,ywells@example.org,Roymouth,921-992-1477,25200,spdFGEyC
Joshua,Miller,Data processing manager,Clinical embryologist,xstone@example.net,Port Sharonchester,657-796-1828x7768,84352,VKCNa4xI
Jasmine,Collins,"Administrator, sports",Personal assistant,alicia60@example.com,Maciastown,9982656009,30012,mvsB9bzj
Veronica,Russell,"Engineer, electronics",Media planner,foleychristopher@example.com,Mooreport,001-220-591-6936x1141,10453,wRKIsI1c
Anthony,Taylor,Actuary,Pathologist,charles38@example.org,Robinsonside,356-415-5899,28753,UVmmjTEN
Monica,Gibbs,Professor Emeritus,"Designer, fashion/clothing",royjames@example.net,Lake Darren,(980)657-2442x27377,87641,HuOuYfH8
Angie,Hampton,Air broker,Retail banker,frances67@example.org,Marilynton,965-343-8554x4442,96761,T4cQ9GT4
Julie,Turner,Estate agent,Merchant navy officer,markflores@example.com,Davisborough,516.736.8699x00828,72403,pRyJDU0U
Stephanie,Nguyen,Homeopath,"Administrator, arts",wolfejohn@example.com,Michellefort,+1-647-545-3892x871,17146,yfT3eeZE
Emily,Vasquez,Automotive engineer,Architect,mmorgan@example.net,East Davidhaven,446-418-2604x5568,12742,z38PM7nl
Crystal,Perry,Scientific laboratory technician,Podiatrist,feliciathompson@example.org,Rowlandfort,001-216-466-4496x17031,42746,mlaJ4Bgx
Erik,Estrada,"Engineer, electrical",Environmental education officer,johnsonjason@example.com,New Dylan,645-709-4805x4243,92254,af1606xV
Erin,Robertson,Holiday representative,Product designer,bcook@example.com,New Jacobbury,(235)750-2631,63555,M7UsyHx4
Robin,White,Personal assistant,Solicitor,yvettebenjamin@example.net,Johnhaven,001-499-473-1951x6482,9874,AIX10ugr
Michael,Phillips,Banker,Ergonomist,tsmith@example.net,Anthonyshire,001-863-490-8445x38031,63569,pizImNyy
Spencer,Riggs,Occupational hygienist,"Biochemist, clinical",gmorrow@example.net,Lake Jenniferside,473-533-4914,85060,ygi3msIF
Raymond,Hall,Graphic designer,Petroleum engineer,belinda74@example.com,North Tyler,001-215-469-0195x3850,38590,cbmKpmbE
Kathleen,Davis,Hospital pharmacist,"Accountant, chartered public finance",mcook@example.com,East Melissa,807.311.1582x35304,23920,j2sUGdYr
Tiffany,Fox,Barrister's clerk,Politician's assistant,donaldholt@example.net,West Erin,(827)804-4336x96268,45821,PGV4MiJ4
Gregg,Carter,"Administrator, Civil Service",Broadcast engineer,jessicahorton@example.com,Lake Danielstad,(302)849-4524x9154,91559,Eoj4bC57
Michelle,White,"Psychologist, counselling",Immunologist,amyruiz@example.org,New Jakeside,5653781006,1422,NsadZ8u5
Monica,Collins,Surgeon,Estate agent,elizabeth41@example.org,Samanthaberg,001-392-888-4464x95706,71614,em3WPwaV
Michael,Hunter,Solicitor,"Designer, graphic",michele54@example.org,New Amyview,001-356-692-6275x372,41182,qtOoceIK
Edgar,Coleman,Immunologist,Associate Professor,rogerlittle@example.org,Juliestad,+1-956-582-1641,69040,5xR2pu6b
Robert,Stone,Building control surveyor,"Programme researcher, broadcasting/film/video",fwalker@example.com,South Janetbury,+1-978-902-0896x634,18552,RZiKMEpn
Crystal,Boyd,Clinical cytogeneticist,Surgeon,kathy90@example.net,South Jasonville,431-825-0134,631,SnxSyZmK
Wesley,Simmons,"Surveyor, quantity",Actor,ostewart@example.org,Lake Maria,373-333-7313x20031,11893,0B76ZgVm
David,Lee,Site engineer,Exercise physiologist,walvarado@example.net,Elizabethberg,(807)913-9202x43670,42901,MulKDqde
Clinton,Hatfield,Dramatherapist,Sub,awest@example.com,South Kelly,644.498.9327x23443,32891,LbyZfo37
Cassandra,Adkins,Control and instrumentation engineer,Patent attorney,stephenjohns@example.org,Johnsonhaven,+1-227-503-0471x33441,74541,ZyfoI2wR
Erika,Edwards,Community pharmacist,Charity officer,garciadiane@example.com,New Jamesside,001-834-457-0133x2908,49947,tqBJ1Qyl
Gregory,Johnson,Industrial/product designer,Charity fundraiser,rebecca97@example.com,Moorechester,001-251-793-1679x1634,53479,kw3RK4dw
Ariana,Powell,"Development worker, international aid",Special effects artist,saraburch@example.org,Rodriguezberg,499.210.4885,13881,nBjyUM4v
Marissa,Henderson,Broadcast engineer,Chartered public finance accountant,cindy58@example.net,South Anthonyside,+1-721-399-4556,70591,ce0pG8Iw
Charles,Moore,"Designer, exhibition/display",Community education officer,fferguson@example.net,West Kelsey,001-250-589-6532x1046,17409,1KkOwSh5
Tina,Morgan,Environmental manager,"Scientist, physiological",jacob76@example.net,West Seth,001-636-866-5390x950,10858,988ulzok
Chad,Estrada,Plant breeder/geneticist,Public relations account executive,herreramichael@example.com,Lake Mary,211-837-2214x7185,47274,VKpKM7uO
Nathan,Obrien,"Research officer, trade union",Glass blower/designer,jeffery30@example.org,West Meghanside,890-465-3106x48579,5993,JvCe6Fpv
Meredith,Bowers,"Investment banker, operational",Patent attorney,connie75@example.com,Leonardside,+1-950-235-7215x93223,6468,c8Xrpecd
Sheila,Winters,"Scientist, product/process development","Teacher, secondary school",gperkins@example.net,Caseystad,001-651-763-2997x4855,50190,PErh7Llj
April,Smith,Psychotherapist,"Therapist, nutritional",timothyrodriguez@example.org,New Victoriahaven,001-862-392-0946x084,23496,ajXQRfVr
Kelly,Cobb,"Surveyor, hydrographic","Merchandiser, retail",yorr@example.org,North David,543.753.2727,64284,JuRu9u5M
Manuel,Martinez,Field seismologist,Physiotherapist,lorijefferson@example.com,Martinshire,001-218-586-5128,70720,ByZsez7f
Megan,Carlson,Passenger transport manager,Orthoptist,kstokes@example.org,Thomashaven,736-994-4859,42873,6TZ1QIxw
Brenda,Smith,Air traffic controller,Aeronautical engineer,zachary07@example.org,Louisville,(692)291-6155x87861,31705,N8fo25OG
David,Wilson,Civil Service administrator,Estate manager/land agent,xmiller@example.com,Wilsonstad,614.664.6080x95399,76171,piywJcOL
Crystal,Trujillo,"Doctor, general practice",IT sales professional,adamhill@example.net,Leviport,(573)841-6776,32069,iTC0n4oW
Eric,Owens,"Engineer, petroleum",Site engineer,jennifergarcia@example.com,Lake Lisa,817-945-1191x8891,8672,os0D1gen
Ricky,Williams,Sub,Armed forces technical officer,russelldwayne@example.org,Jamesfurt,001-374-981-9076,78283,epPEUeLD
Emily,Jenkins,Research scientist (maths),Tourist information centre manager,daniel32@example.com,Crystalfurt,9568846852,78435,ISttYS28
Matthew,Williams,"Nurse, adult",Dentist,bethvasquez@example.com,Wardshire,658.406.7009,23426,At8rRCSl
Sheila,Ford,Public librarian,Midwife,margaretdean@example.net,Michaelfort,+1-679-300-1969x0780,14548,gilc1o1y
Elizabeth,Garcia,Data scientist,Chartered loss adjuster,danielestes@example.org,Jamesberg,348.944.4510,35987,xjYrzMqV
Nathan,Bryant,"Psychologist, counselling",Clinical research associate,terrilong@example.com,Clarkfurt,345-896-4176x82273,19584,t30Cm9zg
Christopher,Long,"Surveyor, rural practice",Ranger/warden,wmartin@example.net,Lake Tracyside,+1-702-503-2644x7823,85733,uemcOIhd
Hunter,Wade,"Designer, ceramics/pottery",Cytogeneticist,pgilmore@example.net,Williamstown,(210)470-7272x5256,91869,dS2dftAw
Maria,Cole,Translator,Associate Professor,morrisonwesley@example.org,Port Joshua,+1-948-604-0698,47542,f2ue8Lk1
Joseph,Simmons,Quarry manager,Water engineer,evelynblack@example.org,Bethland,001-873-225-0034x08183,67330,XsGbK0A2
Jessica,Greene,Tour manager,Analytical chemist,ecameron@example.org,Port Amandatown,(365)791-7077,72005,GKJ2iIeP
George,Mcpherson,Product manager,"Designer, multimedia",jeremydavis@example.org,New Kimberly,996.878.0457x925,15521,zFTxNpO4
Carrie,Williams,Financial controller,Environmental manager,scott44@example.com,Nathanchester,885-608-2970,97971,LxK3WCjW
Laura,Lynn,Product/process development scientist,"Conservation officer, nature",masonryan@example.org,Lake Mario,(966)881-0943,75913,8lQT6zxO
Robert,Gonzalez,Medical illustrator,Quantity surveyor,william13@example.org,Smithstad,(599)680-5053x045,57911,evTfmuif
Tracy,Nicholson,Dietitian,Warehouse manager,crystalhickman@example.com,Lake Christineport,952.351.7004x1558,11694,Zi3Ryuzg
Bobby,Gomez,Product manager,Claims inspector/assessor,aaron07@example.com,Jasmineton,229.402.3157x208,18309,tLQ2hmsA
Christina,Cooper,"Scientist, biomedical",Advertising art director,lucaswilliams@example.com,Johnhaven,883-308-4596x66776,88530,o2FUqhTu
Brian,Davies,Minerals surveyor,Dentist,moorescott@example.org,Christianbury,(357)313-7763,78293,9zr5qUiT
Tiffany,Brooks,"Physicist, medical",Arboriculturist,brightcynthia@example.org,Hernandezberg,001-493-802-3777x347,89171,p2ZvOFGz
Jennifer,Crawford,Careers adviser,Fish farm manager,coletyler@example.net,Jeffreyberg,685.913.1876x16529,8917,8aGUmdfa
Joseph,Smith,Rural practice surveyor,Agricultural consultant,billgomez@example.net,Christophershire,(801)629-8773,63235,VlI1GAkX
Emily,Vargas,Audiological scientist,Psychotherapist,huffmanwalter@example.net,New Dustinhaven,775-376-3530x75152,49263,CWUih8tX
Michael,Roberts,Barrister,Radiation protection practitioner,elizabethtaylor@example.net,Campbellton,397-923-7607,66995,8rAXmi3J
William,Reyes,Financial risk analyst,Solicitor,ybooth@example.org,Lake Joshuaville,985-679-4310,95868,El22bK1y
Thomas,Chandler,Haematologist,Dealer,bellanthony@example.net,Marymouth,(677)573-1523x334,63848,JXZ2xFr7
Sarah,Hicks,Teaching laboratory technician,Further education lecturer,davisjacqueline@example.net,West Dawnfurt,(807)338-0092,70331,EXxzkpoF
William,Hickman,Senior tax professional/tax inspector,Air traffic controller,christensenebony@example.net,Mcgeemouth,001-881-574-7352,87180,98Y5RbRi
Jennifer,Salazar,Environmental education officer,Community pharmacist,adamperez@example.com,Sandovalhaven,(720)668-3288,87506,rwux8oJ0
